card_id,edition,decade,artist,title,album,year,year_note,city,explicit,spotify_track_id,qr_content,qr_svg,qr_png,artwork_file
drap_90_001,drap,90,Die Fantastischen Vier,Die Da?!,4 gewinnt,1992,,Stuttgart,false,drap90stub000000000001,http://localhost:3000/c/drap_90_001,qr/svg/drap_90_001.svg,qr/png/drap_90_001.png,
drap_90_002,drap,90,Fettes Brot,Jein,"Außen Top Hits, innen Geschmack",1996,,Hamburg,false,drap90stub000000000002,http://localhost:3000/c/drap_90_002,qr/svg/drap_90_002.svg,qr/png/drap_90_002.png,
drap_90_003,drap,90,Absolute Beginner,Liebes Lied,Bambule,1998,,Hamburg,false,drap90stub000000000003,http://localhost:3000/c/drap_90_003,qr/svg/drap_90_003.svg,qr/png/drap_90_003.png,
drap_90_004,drap,90,Advanced Chemistry,Fremd im eigenen Land,Advanced Chemistry,1992,,Heidelberg,false,drap90stub000000000004,http://localhost:3000/c/drap_90_004,qr/svg/drap_90_004.svg,qr/png/drap_90_004.png,
drap_90_005,drap,90,Rödelheim Hartreim Projekt,Reime,Direkt aus Rödelheim,1994,,Frankfurt,false,drap90stub000000000005,http://localhost:3000/c/drap_90_005,qr/svg/drap_90_005.svg,qr/png/drap_90_005.png,
drap_90_006,drap,90,Tic Tac Toe,Verpiss' Dich,Tic Tac Toe,1996,,Bochum,false,drap90stub000000000006,http://localhost:3000/c/drap_90_006,qr/svg/drap_90_006.svg,qr/png/drap_90_006.png,
drap_90_007,drap,90,Massive Töne,Cruisen,Überfall,1999,,Stuttgart,false,drap90stub000000000007,http://localhost:3000/c/drap_90_007,qr/svg/drap_90_007.svg,qr/png/drap_90_007.png,
drap_90_008,drap,90,Freundeskreis,ANNA,Quadratur des Kreises,1997,,Stuttgart,false,drap90stub000000000008,http://localhost:3000/c/drap_90_008,qr/svg/drap_90_008.svg,qr/png/drap_90_008.png,
drap_90_009,drap,90,5 Sterne Deluxe,Willst Du mit mir gehn,Sillium,1998,,Hamburg,false,drap90stub000000000009,http://localhost:3000/c/drap_90_009,qr/svg/drap_90_009.svg,qr/png/drap_90_009.png,
drap_90_010,drap,90,Dynamite Deluxe,Wie jetzt,Deluxe Soundsystem,1998,,Hamburg,false,drap90stub000000000010,http://localhost:3000/c/drap_90_010,qr/svg/drap_90_010.svg,qr/png/drap_90_010.png,
drap_90_011,drap,90,Blumentopf,Fensterplatz,Kein Zufall,1997,,München,false,drap90stub000000000011,http://localhost:3000/c/drap_90_011,qr/svg/drap_90_011.svg,qr/png/drap_90_011.png,
drap_90_012,drap,90,Eins Zwo,Wortwechsel,Gefährliches Halbwissen,1999,,Hamburg,false,drap90stub000000000012,http://localhost:3000/c/drap_90_012,qr/svg/drap_90_012.svg,qr/png/drap_90_012.png,
drap_90_013,drap,90,Cora E.,Schlüsselkind,Cora E.,1996,,Kiel,false,drap90stub000000000013,http://localhost:3000/c/drap_90_013,qr/svg/drap_90_013.svg,qr/png/drap_90_013.png,
drap_90_014,drap,90,Stieber Twins,Fenster zum Hof,Fenster zum Hof,1997,,Heidelberg,false,drap90stub000000000014,http://localhost:3000/c/drap_90_014,qr/svg/drap_90_014.svg,qr/png/drap_90_014.png,
drap_90_015,drap,90,Main Concept,So schön,Coole Scheiße,1994,,Köln,false,drap90stub000000000015,http://localhost:3000/c/drap_90_015,qr/svg/drap_90_015.svg,qr/png/drap_90_015.png,
drap_90_016,drap,90,Torch,Blauer Samt,Blauer Samt,2000,"Album 2000, Szene 90er",Heidelberg,false,drap90stub000000000016,http://localhost:3000/c/drap_90_016,qr/svg/drap_90_016.svg,qr/png/drap_90_016.png,
drap_90_017,drap,90,Der Tobi & das Bo,Der Frauenflüsterer,Genie und Wahnsinn,1996,,Hamburg,false,drap90stub000000000017,http://localhost:3000/c/drap_90_017,qr/svg/drap_90_017.svg,qr/png/drap_90_017.png,
drap_90_018,drap,90,Die Firma,"Spieglein, Spieglein",Das zweite Kapitel,1998,,Köln,false,drap90stub000000000018,http://localhost:3000/c/drap_90_018,qr/svg/drap_90_018.svg,qr/png/drap_90_018.png,
drap_90_019,drap,90,RAG,Kopfhörer,Unter Tage,1998,,Recklinghausen,false,drap90stub000000000019,http://localhost:3000/c/drap_90_019,qr/svg/drap_90_019.svg,qr/png/drap_90_019.png,
drap_90_020,drap,90,Too Strong,Rap hat Recht,Die Lüge der demokratischen Moral,1996,,Dortmund,false,drap90stub000000000020,http://localhost:3000/c/drap_90_020,qr/svg/drap_90_020.svg,qr/png/drap_90_020.png,
drap_90_021,drap,90,Spax,"Ich weiß nicht, was soll es bedeuten",Privat,1998,,Hannover,false,drap90stub000000000021,http://localhost:3000/c/drap_90_021,qr/svg/drap_90_021.svg,qr/png/drap_90_021.png,
drap_90_022,drap,90,MC Rene,Rene rilext,Rene rilext,1995,,Mannheim,false,drap90stub000000000022,http://localhost:3000/c/drap_90_022,qr/svg/drap_90_022.svg,qr/png/drap_90_022.png,
drap_90_023,drap,90,Anarchist Academy,Das Böse,Anarchophobia,1996,,Heidelberg,false,drap90stub000000000023,http://localhost:3000/c/drap_90_023,qr/svg/drap_90_023.svg,qr/png/drap_90_023.png,
drap_90_024,drap,90,No Remorze,Reimoffensive,Reimoffensive,1995,,Stuttgart,false,drap90stub000000000024,http://localhost:3000/c/drap_90_024,qr/svg/drap_90_024.svg,qr/png/drap_90_024.png,
drap_00_001,drap,00,Sido,Mein Block,Maske,2004,,Berlin,true,drap00stub000000000001,http://localhost:3000/c/drap_00_001,qr/svg/drap_00_001.svg,qr/png/drap_00_001.png,
drap_00_002,drap,00,Bushido,Von der Skyline zum Bordstein zurück,Von der Skyline zum Bordstein zurück,2006,,Berlin,true,drap00stub000000000002,http://localhost:3000/c/drap_00_002,qr/svg/drap_00_002.svg,qr/png/drap_00_002.png,
drap_00_003,drap,00,Kool Savas,Das Urteil,Der beste Tag meines Lebens,2002,,Berlin,true,drap00stub000000000003,http://localhost:3000/c/drap_00_003,qr/svg/drap_00_003.svg,qr/png/drap_00_003.png,
drap_00_004,drap,00,Samy Deluxe,Weck mich auf,Samy Deluxe,2001,,Hamburg,false,drap00stub000000000004,http://localhost:3000/c/drap_00_004,qr/svg/drap_00_004.svg,qr/png/drap_00_004.png,
drap_00_005,drap,00,Azad,A,Leben,2001,,Frankfurt,true,drap00stub000000000005,http://localhost:3000/c/drap_00_005,qr/svg/drap_00_005.svg,qr/png/drap_00_005.png,
drap_00_006,drap,00,K.I.Z,Ellenbogengesellschaft,Das Rap Deutschland Kettensägen Massaker,2005,,Berlin,true,drap00stub000000000006,http://localhost:3000/c/drap_00_006,qr/svg/drap_00_006.svg,qr/png/drap_00_006.png,
drap_00_007,drap,00,Seeed,Dickes B,New Dubby Conquerors,2001,,Berlin,false,drap00stub000000000007,http://localhost:3000/c/drap_00_007,qr/svg/drap_00_007.svg,qr/png/drap_00_007.png,
drap_00_008,drap,00,Peter Fox,Haus am See,Stadtaffe,2008,,Berlin,false,drap00stub000000000008,http://localhost:3000/c/drap_00_008,qr/svg/drap_00_008.svg,qr/png/drap_00_008.png,
drap_00_009,drap,00,Deichkind,Remmidemmi (Yippie Yippie Yeah),Aufstand im Schlaraffenland,2006,,Hamburg,false,drap00stub000000000009,http://localhost:3000/c/drap_00_009,qr/svg/drap_00_009.svg,qr/png/drap_00_009.png,
drap_00_010,drap,00,Fler,NDW 2005,Neue Deutsche Welle,2005,,Berlin,true,drap00stub000000000010,http://localhost:3000/c/drap_00_010,qr/svg/drap_00_010.svg,qr/png/drap_00_010.png,
drap_00_011,drap,00,Eko Fresh,Die Abrechnung,L.O.V.E.,2005,,Köln,true,drap00stub000000000011,http://localhost:3000/c/drap_00_011,qr/svg/drap_00_011.svg,qr/png/drap_00_011.png,
drap_00_012,drap,00,Beginner,Füchse,Blast Action Heroes,2003,,Hamburg,false,drap00stub000000000012,http://localhost:3000/c/drap_00_012,qr/svg/drap_00_012.svg,qr/png/drap_00_012.png,
drap_00_013,drap,00,Jan Delay,Klar,Mercedes-Dance,2006,,Hamburg,false,drap00stub000000000013,http://localhost:3000/c/drap_00_013,qr/svg/drap_00_013.svg,qr/png/drap_00_013.png,
drap_00_014,drap,00,Culcha Candela,Hamma!,Culcha Candela,2007,,Berlin,false,drap00stub000000000014,http://localhost:3000/c/drap_00_014,qr/svg/drap_00_014.svg,qr/png/drap_00_014.png,
drap_00_015,drap,00,Prinz Pi,Würde,Rebell ohne Grund,2007,,Berlin,true,drap00stub000000000015,http://localhost:3000/c/drap_00_015,qr/svg/drap_00_015.svg,qr/png/drap_00_015.png,
drap_00_016,drap,00,B-Tight,So allein,Neger Neger,2007,,Berlin,true,drap00stub000000000016,http://localhost:3000/c/drap_00_016,qr/svg/drap_00_016.svg,qr/png/drap_00_016.png,
drap_00_017,drap,00,Dendemann,Da nich für,Die Zentrale Dendemann,2006,,Hamburg,false,drap00stub000000000017,http://localhost:3000/c/drap_00_017,qr/svg/drap_00_017.svg,qr/png/drap_00_017.png,
drap_00_018,drap,00,Frauenarzt & Manny Marc,Das geht ab,Atzen Musik Vol.1,2008,,Berlin,true,drap00stub000000000018,http://localhost:3000/c/drap_00_018,qr/svg/drap_00_018.svg,qr/png/drap_00_018.png,
drap_00_019,drap,00,Marteria,Zum König geboren,Zum König geboren,2008,,Rostock,false,drap00stub000000000019,http://localhost:3000/c/drap_00_019,qr/svg/drap_00_019.svg,qr/png/drap_00_019.png,
drap_00_020,drap,00,Curse,Lass uns Freunde sein,Sinnflut,2005,,Berlin,false,drap00stub000000000020,http://localhost:3000/c/drap_00_020,qr/svg/drap_00_020.svg,qr/png/drap_00_020.png,
drap_00_021,drap,00,Olli Banjo,Saftpressah,Sparring,2005,,Heidelberg,true,drap00stub000000000021,http://localhost:3000/c/drap_00_021,qr/svg/drap_00_021.svg,qr/png/drap_00_021.png,
drap_00_022,drap,00,Tony D,Totalschaden,Totalschaden,2007,,Berlin,true,drap00stub000000000022,http://localhost:3000/c/drap_00_022,qr/svg/drap_00_022.svg,qr/png/drap_00_022.png,
drap_00_023,drap,00,Baba Saad,Wahrer Bericht,Carlo Cokxxx Nutten 2,2005,,Saarbrücken,true,drap00stub000000000023,http://localhost:3000/c/drap_00_023,qr/svg/drap_00_023.svg,qr/png/drap_00_023.png,
drap_00_024,drap,00,Alpa Gun,Ausländer,Geladen und entsichert,2007,,Berlin,true,drap00stub000000000024,http://localhost:3000/c/drap_00_024,qr/svg/drap_00_024.svg,qr/png/drap_00_024.png,
drap_10_001,drap,10,Haftbefehl,Chabos wissen wer der Babo ist,Kanackiş,2012,,Offenbach,true,drap10stub000000000001,http://localhost:3000/c/drap_10_001,qr/svg/drap_10_001.svg,qr/png/drap_10_001.png,
drap_10_002,drap,10,Bonez MC & RAF Camora,Palmen aus Plastik,Palmen aus Plastik,2016,RAF Camora: Wien,Hamburg,true,drap10stub000000000002,http://localhost:3000/c/drap_10_002,qr/svg/drap_10_002.svg,qr/png/drap_10_002.png,
drap_10_003,drap,10,Cro,Easy,Raop,2011,,Stuttgart,false,drap10stub000000000003,http://localhost:3000/c/drap_10_003,qr/svg/drap_10_003.svg,qr/png/drap_10_003.png,
drap_10_004,drap,10,Marteria,Kids (2 Finger an den Kopf),Zum Glück in die Zukunft II,2014,,Rostock,false,drap10stub000000000004,http://localhost:3000/c/drap_10_004,qr/svg/drap_10_004.svg,qr/png/drap_10_004.png,
drap_10_005,drap,10,SXTN,Von Party zu Party,Asozialisierungsprogramm,2017,,Berlin,true,drap10stub000000000005,http://localhost:3000/c/drap_10_005,qr/svg/drap_10_005.svg,qr/png/drap_10_005.png,
drap_10_006,drap,10,Alligatoah,Willst du,Triebwerke,2013,,Langenfeld,false,drap10stub000000000006,http://localhost:3000/c/drap_10_006,qr/svg/drap_10_006.svg,qr/png/drap_10_006.png,
drap_10_007,drap,10,Apache 207,Roller,Platte,2019,,Ludwigshafen,true,drap10stub000000000007,http://localhost:3000/c/drap_10_007,qr/svg/drap_10_007.svg,qr/png/drap_10_007.png,
drap_10_008,drap,10,Juju,Bling Bling,Bling Bling,2019,,Berlin,true,drap10stub000000000008,http://localhost:3000/c/drap_10_008,qr/svg/drap_10_008.svg,qr/png/drap_10_008.png,
drap_10_009,drap,10,RIN,Dior,Eros,2017,,Bietigheim-Bissingen,false,drap10stub000000000009,http://localhost:3000/c/drap_10_009,qr/svg/drap_10_009.svg,qr/png/drap_10_009.png,
drap_10_010,drap,10,Capital Bra,Melodien,Berlin lebt,2018,,Berlin,true,drap10stub000000000010,http://localhost:3000/c/drap_10_010,qr/svg/drap_10_010.svg,qr/png/drap_10_010.png,
drap_10_011,drap,10,Ufo361,Ich bin ein Berliner,Ich bin ein Berliner,2017,,Berlin,true,drap10stub000000000011,http://localhost:3000/c/drap_10_011,qr/svg/drap_10_011.svg,qr/png/drap_10_011.png,
drap_10_012,drap,10,Kollegah,Sternenstaub,King,2014,,Köln,true,drap10stub000000000012,http://localhost:3000/c/drap_10_012,qr/svg/drap_10_012.svg,qr/png/drap_10_012.png,
drap_10_013,drap,10,Shindy,NWA,NWA,2015,,Stuttgart,true,drap10stub000000000013,http://localhost:3000/c/drap_10_013,qr/svg/drap_10_013.svg,qr/png/drap_10_013.png,
drap_10_014,drap,10,K.I.Z,Hurra die Welt geht unter,Hurra die Welt geht unter,2015,,Berlin,true,drap10stub000000000014,http://localhost:3000/c/drap_10_014,qr/svg/drap_10_014.svg,qr/png/drap_10_014.png,
drap_10_015,drap,10,Gzuz,Späti,Wolke 7,2016,,Hamburg,true,drap10stub000000000015,http://localhost:3000/c/drap_10_015,qr/svg/drap_10_015.svg,qr/png/drap_10_015.png,
drap_10_016,drap,10,MERO,Hobby Hobby,Ya Hero Ya Mero,2018,,Berlin,true,drap10stub000000000016,http://localhost:3000/c/drap_10_016,qr/svg/drap_10_016.svg,qr/png/drap_10_016.png,
drap_10_017,drap,10,Nimo,Coco,Nimo,2016,,Frankfurt,true,drap10stub000000000017,http://localhost:3000/c/drap_10_017,qr/svg/drap_10_017.svg,qr/png/drap_10_017.png,
drap_10_018,drap,10,KC Rebell,Distance,Abstand,2014,,Essen,false,drap10stub000000000018,http://localhost:3000/c/drap_10_018,qr/svg/drap_10_018.svg,qr/png/drap_10_018.png,
drap_10_019,drap,10,Farid Bang,Asphalt Massaka 3,Asphalt Massaka 3,2016,,Düsseldorf,true,drap10stub000000000019,http://localhost:3000/c/drap_10_019,qr/svg/drap_10_019.svg,qr/png/drap_10_019.png,
drap_10_020,drap,10,Trailerpark,Fledermausland,Crackstreet Boys 3,2014,,Berlin,true,drap10stub000000000020,http://localhost:3000/c/drap_10_020,qr/svg/drap_10_020.svg,qr/png/drap_10_020.png,
drap_10_021,drap,10,Loredana,Sonnenbrille,King Lori,2018,CH/DE-Szene 2010er,Luzern,false,drap10stub000000000021,http://localhost:3000/c/drap_10_021,qr/svg/drap_10_021.svg,qr/png/drap_10_021.png,
drap_10_022,drap,10,Luciano,Money,Wolga,2018,,Berlin,true,drap10stub000000000022,http://localhost:3000/c/drap_10_022,qr/svg/drap_10_022.svg,qr/png/drap_10_022.png,
drap_10_023,drap,10,Maxwell,Ohne mein Team,Palmen aus Plastik,2016,,Berlin,true,drap10stub000000000023,http://localhost:3000/c/drap_10_023,qr/svg/drap_10_023.svg,qr/png/drap_10_023.png,
drap_10_024,drap,10,RAF Camora,Anthrazit,Anthrazit,2017,,Wien,true,drap10stub000000000024,http://localhost:3000/c/drap_10_024,qr/svg/drap_10_024.svg,qr/png/drap_10_024.png,
